[{"model": "scorer.teacher", "pk": 1, "fields": {"mail": "anil.surve@walchandsangli.ac.in", "fName": "Anil", "lName": "Surve", "department": "CSE", "designation": "Assistant Professor", "subject": "Software Engineering"}}, {"model": "scorer.teacher", "pk": 2, "fields": {"mail": "nitin.gavankar@walchandsangli.ac.in", "fName": "Nitin", "lName": "Gavankar", "department": "CSE", "designation": "Assistant Professor", "subject": "Data Structures"}}, {"model": "scorer.teacher", "pk": 3, "fields": {"mail": "swapnil.mahadeshwar@walchandsangli.ac.in", "fName": "Swapnil", "lName": "Mahadeshwar", "department": "CSE", "designation": "Assistant Professor", "subject": "Computer Organisation Architecture"}}, {"model": "scorer.teacher", "pk": 4, "fields": {"mail": "pooja.mundada@walchandsangli.ac.in", "fName": "Pooja", "lName": "Mundada", "department": "CSE", "designation": "Assistant Professor", "subject": "Discrete Mathematics"}}, {"model": "scorer.teacher", "pk": 5, "fields": {"mail": "aprupa.pawar@walchandsangli.ac.in", "fName": "Aprupa", "lName": "Pawar", "department": "CSE", "designation": "Assistant Professor", "subject": "Data Communication"}}, {"model": "scorer.teacher", "pk": 6, "fields": {"mail": "renuka.khot@walchandsangli.ac.in", "fName": "Renuka", "lName": "Khot", "department": "Mathematics", "designation": "Assistant Professor", "subject": "Probability and Statistics"}}, {"model": "scorer.student", "pk": 2, "fields": {"mail": "kshitij.sabale@walchandsangli.ac.in", "fName": "Kshitij", "lName": "Sabale", "year": 2001, "branch": "CSE", "rollNo": 24, "DMgrade": "NA", "DCgrade": "NA", "COAgrade": "NA", "SEgrade": "NA", "PaSgrade": "NA", "DSgrade": "NA"}}, {"model": "scorer.student", "pk": 3, "fields": {"mail": "kartik.khunda@walchandsangli.ac.in", "fName": "Kartik", "lName": "Khunda", "year": 2001, "branch": "CSE", "rollNo": 23, "DMgrade": "NA", "DCgrade": "NA", "COAgrade": "NA", "SEgrade": "NA", "PaSgrade": "NA", "DSgrade": "NA"}}, {"model": "scorer.student", "pk": 4, "fields": {"mail": "shruti.desai@walchandsangli.ac.in", "fName": "Shruti", "lName": "Desai", "year": 2001, "branch": "CSE", "rollNo": 30, "DMgrade": "NA", "DCgrade": "NA", "COAgrade": "NA", "SEgrade": "NA", "PaSgrade": "NA", "DSgrade": "NA"}}, {"model": "scorer.student", "pk": 5, "fields": {"mail": "smital.patil@walchandsangli.ac.in", "fName": "Smital", "lName": "Patil", "year": 2001, "branch": "CSE", "rollNo": 28, "DMgrade": "NA", "DCgrade": "NA", "COAgrade": "NA", "SEgrade": "NA", "PaSgrade": "NA", "DSgrade": "NA"}}, {"model": "scorer.student", "pk": 6, "fields": {"mail": "akash.raut@walchandsangli.ac.in", "fName": "Akash", "lName": "Raut", "year": 2001, "branch": "CSE", "rollNo": 16, "DMgrade": "NA", "DCgrade": "NA", "COAgrade": "NA", "SEgrade": "NA", "PaSgrade": "NA", "DSgrade": "NA"}}, {"model": "scorer.student", "pk": 7, "fields": {"mail": "kajal.pawar@walchandsangli.ac.in", "fName": "Kajal", "lName": "Pawar", "year": 2001, "branch": "CSE", "rollNo": 10, "DMgrade": "NA", "DCgrade": "NA", "COAgrade": "NA", "SEgrade": "NA", "PaSgrade": "NA", "DSgrade": "NA"}}, {"model": "scorer.student", "pk": 8, "fields": {"mail": "muskan.attar@walchandsangli.ac.in", "fName": "Muskan", "lName": "Attar", "year": 2001, "branch": "CSE", "rollNo": 17, "DMgrade": "NA", "DCgrade": "NA", "COAgrade": "NA", "SEgrade": "NA", "PaSgrade": "NA", "DSgrade": "NA"}}, {"model": "scorer.student", "pk": 9, "fields": {"mail": "teknath.jha@walchandsangli.ac.in", "fName": "Teknath", "lName": "Jha", "year": 2001, "branch": "CSE", "rollNo": 33, "DMgrade": "NA", "DCgrade": "NA", "COAgrade": "NA", "SEgrade": "NA", "PaSgrade": "NA", "DSgrade": "NA"}}, {"model": "scorer.student", "pk": 10, "fields": {"mail": "sadaf.mulla@walchandsangli.ac.in", "fName": "Sadaf", "lName": "Mulla", "year": 2001, "branch": "CSE", "rollNo": 38, "DMgrade": "NA", "DCgrade": "NA", "COAgrade": "NA", "SEgrade": "NA", "PaSgrade": "NA", "DSgrade": "NA"}}, {"model": "scorer.student", "pk": 11, "fields": {"mail": "pratik.raut@walchandsangli.ac.in", "fName": "Pratik", "lName": "Raut", "year": 2001, "branch": "CSE", "rollNo": 50, "DMgrade": "NA", "DCgrade": "NA", "COAgrade": "NA", "SEgrade": "NA", "PaSgrade": "NA", "DSgrade": "NA"}}, {"model": "scorer.student", "pk": 12, "fields": {"mail": "suyash.chavan@walchandsangli.ac.in", "fName": "Suyash", "lName": "Chavhan", "year": 2001, "branch": "CSE", "rollNo": 41, "DMgrade": "NA", "DCgrade": "NA", "COAgrade": "NA", "SEgrade": "NA", "PaSgrade": "NA", "DSgrade": "NA"}}, {"model": "scorer.student", "pk": 13, "fields": {"mail": "sanket.sonawane@walchandsangli.ac.in", "fName": "Sanket", "lName": "Sonawne", "year": 2001, "branch": "CSE", "rollNo": 48, "DMgrade": "NA", "DCgrade": "NA", "COAgrade": "NA", "SEgrade": "NA", "PaSgrade": "NA", "DSgrade": "NA"}}, {"model": "scorer.student", "pk": 14, "fields": {"mail": "devang.kamble@walchandsangli.ac.in", "fName": "Devang", "lName": "Kamble", "year": 2001, "branch": "CSE", "rollNo": 58, "DMgrade": "NA", "DCgrade": "AB", "COAgrade": "NA", "SEgrade": "NA", "PaSgrade": "NA", "DSgrade": "NA"}}, {"model": "scorer.student", "pk": 15, "fields": {"mail": "rohan.bondre@walchandsangli.ac.in", "fName": "Rohan", "lName": "Bondre", "year": 2001, "branch": "CSE", "rollNo": 56, "DMgrade": "NA", "DCgrade": "NA", "COAgrade": "NA", "SEgrade": "NA", "PaSgrade": "NA", "DSgrade": "NA"}}, {"model": "scorer.student", "pk": 16, "fields": {"mail": "vishal.borse@walchandsangli.ac.in", "fName": "Vishal", "lName": "Borse", "year": 2001, "branch": "CSE", "rollNo": 66, "DMgrade": "NA", "DCgrade": "NA", "COAgrade": "NA", "SEgrade": "NA", "PaSgrade": "NA", "DSgrade": "NA"}}, {"model": "scorer.student", "pk": 17, "fields": {"mail": "vaibhav.kute@walchandsangli.ac.in", "fName": "Vaibhav", "lName": "Kute", "year": 2001, "branch": "CSE", "rollNo": 67, "DMgrade": "NA", "DCgrade": "NA", "COAgrade": "NA", "SEgrade": "NA", "PaSgrade": "NA", "DSgrade": "NA"}}, {"model": "scorer.student", "pk": 18, "fields": {"mail": "aditi.joshi@walchandsangli.ac.in", "fName": "Aditi", "lName": "Joshi", "year": 2001, "branch": "CSE", "rollNo": 68, "DMgrade": "NA", "DCgrade": "NA", "COAgrade": "NA", "SEgrade": "NA", "PaSgrade": "NA", "DSgrade": "NA"}}, {"model": "scorer.student", "pk": 19, "fields": {"mail": "sushant.patil@walchandsangli.ac.in", "fName": "Sushant", "lName": "Patil", "year": 2001, "branch": "CSE", "rollNo": 74, "DMgrade": "NA", "DCgrade": "NA", "COAgrade": "NA", "SEgrade": "NA", "PaSgrade": "NA", "DSgrade": "NA"}}, {"model": "scorer.student", "pk": 20, "fields": {"mail": "amaan.shaikh@walchandsangli.ac.in", "fName": "Amaan", "lName": "Shaikh", "year": 2001, "branch": "CSE", "rollNo": 76, "DMgrade": "NA", "DCgrade": "NA", "COAgrade": "NA", "SEgrade": "NA", "PaSgrade": "NA", "DSgrade": "NA"}}, {"model": "scorer.student", "pk": 21, "fields": {"mail": "pranav.karle@walchandsangli.ac.in", "fName": "Pranav", "lName": "Karle", "year": 2001, "branch": "CSE", "rollNo": 75, "DMgrade": "NA", "DCgrade": "NA", "COAgrade": "NA", "SEgrade": "NA", "PaSgrade": "NA", "DSgrade": "NA"}}, {"model": "scorer.student", "pk": 22, "fields": {"mail": "om.khairnar@walchandsangli.ac.in", "fName": "Om", "lName": "Khairnar", "year": 2001, "branch": "CSE", "rollNo": 78, "DMgrade": "NA", "DCgrade": "NA", "COAgrade": "NA", "SEgrade": "NA", "PaSgrade": "NA", "DSgrade": "NA"}}, {"model": "scorer.student", "pk": 23, "fields": {"mail": "anchit.gupta@walchandsangli.ac.in", "fName": "Anchit", "lName": "Gupta", "year": 2001, "branch": "CSE", "rollNo": 98, "DMgrade": "NA", "DCgrade": "NA", "COAgrade": "NA", "SEgrade": "NA", "PaSgrade": "NA", "DSgrade": "NA"}}, {"model": "scorer.student", "pk": 24, "fields": {"mail": "sweety.gupta@walchandsangli.ac.in", "fName": "Sweety", "lName": "Gupta", "year": 2001, "branch": "CSE", "rollNo": 94, "DMgrade": "NA", "DCgrade": "NA", "COAgrade": "NA", "SEgrade": "NA", "PaSgrade": "NA", "DSgrade": "NA"}}, {"model": "scorer.student", "pk": 25, "fields": {"mail": "rutuja.more@walchandsangli.ac.in", "fName": "Rutuja", "lName": "More", "year": 2001, "branch": "CSE", "rollNo": 86, "DMgrade": "NA", "DCgrade": "NA", "COAgrade": "NA", "SEgrade": "NA", "PaSgrade": "NA", "DSgrade": "NA"}}, {"model": "scorer.student", "pk": 26, "fields": {"mail": "pratibha.maind@walchandsangli.ac.in", "fName": "Pratibha", "lName": "Maind", "year": 2001, "branch": "CSE", "rollNo": 88, "DMgrade": "NA", "DCgrade": "NA", "COAgrade": "NA", "SEgrade": "NA", "PaSgrade": "NA", "DSgrade": "NA"}}, {"model": "scorer.student", "pk": 27, "fields": {"mail": "rohan.chavan@walchandsangli.ac.in", "fName": "Rohan", "lName": "Chavan", "year": 2001, "branch": "CSE", "rollNo": 92, "DMgrade": "NA", "DCgrade": "NA", "COAgrade": "NA", "SEgrade": "NA", "PaSgrade": "NA", "DSgrade": "NA"}}, {"model": "scorer.student", "pk": 28, "fields": {"mail": "sanket.mali@walchandsangli.ac.in", "fName": "Sanket", "lName": "Mali", "year": 2001, "branch": "CSE", "rollNo": 103, "DMgrade": "NA", "DCgrade": "NA", "COAgrade": "NA", "SEgrade": "NA", "PaSgrade": "NA", "DSgrade": "NA"}}, {"model": "scorer.student", "pk": 29, "fields": {"mail": "aniket.kankekar@walchandsangli.ac.in", "fName": "Aniket", "lName": "Kankekar", "year": 2001, "branch": "CSE", "rollNo": 101, "DMgrade": "NA", "DCgrade": "NA", "COAgrade": "NA", "SEgrade": "NA", "PaSgrade": "NA", "DSgrade": "NA"}}, {"model": "scorer.student", "pk": 30, "fields": {"mail": "pratik.chougule@walchandsangli.ac.in", "fName": "Pratik", "lName": "Chougule", "year": 2001, "branch": "CSE", "rollNo": 102, "DMgrade": "NA", "DCgrade": "NA", "COAgrade": "NA", "SEgrade": "NA", "PaSgrade": "NA", "DSgrade": "NA"}}, {"model": "admin.logentry", "pk": 1, "fields": {"action_time": "2020-09-17T02:50:22.554Z", "user": 1, "content_type": 5, "object_id": "1", "object_repr": "Teacher", "action_flag": 1, "change_message": "[{\"added\": {}}]"}}, {"model": "admin.logentry", "pk": 2, "fields": {"action_time": "2020-09-17T02:50:26.616Z", "user": 1, "content_type": 5, "object_id": "1", "object_repr": "Teacher", "action_flag": 2, "change_message": "[]"}}, {"model": "admin.logentry", "pk": 3, "fields": {"action_time": "2020-09-17T02:50:38.880Z", "user": 1, "content_type": 5, "object_id": "2", "object_repr": "Student", "action_flag": 1, "change_message": "[{\"added\": {}}]"}}, {"model": "admin.logentry", "pk": 4, "fields": {"action_time": "2020-09-17T06:32:06.109Z", "user": 1, "content_type": 2, "object_id": "1", "object_repr": "Student object (1)", "action_flag": 1, "change_message": "[{\"added\": {}}]"}}, {"model": "admin.logentry", "pk": 5, "fields": {"action_time": "2020-09-17T06:32:42.002Z", "user": 1, "content_type": 2, "object_id": "1", "object_repr": "Student object (1)", "action_flag": 3, "change_message": ""}}, {"model": "admin.logentry", "pk": 6, "fields": {"action_time": "2020-09-17T08:05:51.391Z", "user": 1, "content_type": 2, "object_id": "2", "object_repr": "Student object (2)", "action_flag": 1, "change_message": "[{\"added\": {}}]"}}, {"model": "admin.logentry", "pk": 7, "fields": {"action_time": "2020-09-17T08:07:07.915Z", "user": 1, "content_type": 2, "object_id": "3", "object_repr": "Student object (3)", "action_flag": 1, "change_message": "[{\"added\": {}}]"}}, {"model": "admin.logentry", "pk": 8, "fields": {"action_time": "2020-09-17T08:07:43.470Z", "user": 1, "content_type": 2, "object_id": "4", "object_repr": "Student object (4)", "action_flag": 1, "change_message": "[{\"added\": {}}]"}}, {"model": "admin.logentry", "pk": 9, "fields": {"action_time": "2020-09-17T08:08:40.873Z", "user": 1, "content_type": 2, "object_id": "5", "object_repr": "Student object (5)", "action_flag": 1, "change_message": "[{\"added\": {}}]"}}, {"model": "admin.logentry", "pk": 10, "fields": {"action_time": "2020-09-17T08:09:24.544Z", "user": 1, "content_type": 2, "object_id": "6", "object_repr": "Student object (6)", "action_flag": 1, "change_message": "[{\"added\": {}}]"}}, {"model": "admin.logentry", "pk": 11, "fields": {"action_time": "2020-09-17T08:10:28.804Z", "user": 1, "content_type": 2, "object_id": "7", "object_repr": "Student object (7)", "action_flag": 1, "change_message": "[{\"added\": {}}]"}}, {"model": "admin.logentry", "pk": 12, "fields": {"action_time": "2020-09-17T08:11:09.778Z", "user": 1, "content_type": 2, "object_id": "8", "object_repr": "Student object (8)", "action_flag": 1, "change_message": "[{\"added\": {}}]"}}, {"model": "admin.logentry", "pk": 13, "fields": {"action_time": "2020-09-17T08:16:01.143Z", "user": 1, "content_type": 2, "object_id": "9", "object_repr": "Student object (9)", "action_flag": 1, "change_message": "[{\"added\": {}}]"}}, {"model": "admin.logentry", "pk": 14, "fields": {"action_time": "2020-09-17T08:16:43.080Z", "user": 1, "content_type": 2, "object_id": "10", "object_repr": "Student object (10)", "action_flag": 1, "change_message": "[{\"added\": {}}]"}}, {"model": "admin.logentry", "pk": 15, "fields": {"action_time": "2020-09-17T08:17:38.997Z", "user": 1, "content_type": 2, "object_id": "11", "object_repr": "Student object (11)", "action_flag": 1, "change_message": "[{\"added\": {}}]"}}, {"model": "admin.logentry", "pk": 16, "fields": {"action_time": "2020-09-17T08:18:39.461Z", "user": 1, "content_type": 2, "object_id": "12", "object_repr": "Student object (12)", "action_flag": 1, "change_message": "[{\"added\": {}}]"}}, {"model": "admin.logentry", "pk": 17, "fields": {"action_time": "2020-09-17T08:21:39.511Z", "user": 1, "content_type": 2, "object_id": "13", "object_repr": "Student object (13)", "action_flag": 1, "change_message": "[{\"added\": {}}]"}}, {"model": "admin.logentry", "pk": 18, "fields": {"action_time": "2020-09-17T08:22:52.534Z", "user": 1, "content_type": 2, "object_id": "14", "object_repr": "Student object (14)", "action_flag": 1, "change_message": "[{\"added\": {}}]"}}, {"model": "admin.logentry", "pk": 19, "fields": {"action_time": "2020-09-17T08:23:32.409Z", "user": 1, "content_type": 2, "object_id": "15", "object_repr": "Student object (15)", "action_flag": 1, "change_message": "[{\"added\": {}}]"}}, {"model": "admin.logentry", "pk": 20, "fields": {"action_time": "2020-09-17T08:24:18.939Z", "user": 1, "content_type": 2, "object_id": "16", "object_repr": "Student object (16)", "action_flag": 1, "change_message": "[{\"added\": {}}]"}}, {"model": "admin.logentry", "pk": 21, "fields": {"action_time": "2020-09-17T08:25:04.349Z", "user": 1, "content_type": 2, "object_id": "17", "object_repr": "Student object (17)", "action_flag": 1, "change_message": "[{\"added\": {}}]"}}, {"model": "admin.logentry", "pk": 22, "fields": {"action_time": "2020-09-17T08:25:50.973Z", "user": 1, "content_type": 2, "object_id": "18", "object_repr": "Student object (18)", "action_flag": 1, "change_message": "[{\"added\": {}}]"}}, {"model": "admin.logentry", "pk": 23, "fields": {"action_time": "2020-09-17T08:26:31.110Z", "user": 1, "content_type": 2, "object_id": "19", "object_repr": "Student object (19)", "action_flag": 1, "change_message": "[{\"added\": {}}]"}}, {"model": "admin.logentry", "pk": 24, "fields": {"action_time": "2020-09-17T08:28:10.527Z", "user": 1, "content_type": 2, "object_id": "20", "object_repr": "Student object (20)", "action_flag": 1, "change_message": "[{\"added\": {}}]"}}, {"model": "admin.logentry", "pk": 25, "fields": {"action_time": "2020-09-17T08:28:43.745Z", "user": 1, "content_type": 2, "object_id": "21", "object_repr": "Student object (21)", "action_flag": 1, "change_message": "[{\"added\": {}}]"}}, {"model": "admin.logentry", "pk": 26, "fields": {"action_time": "2020-09-17T08:29:21.969Z", "user": 1, "content_type": 2, "object_id": "22", "object_repr": "Student object (22)", "action_flag": 1, "change_message": "[{\"added\": {}}]"}}, {"model": "admin.logentry", "pk": 27, "fields": {"action_time": "2020-09-17T08:30:04.244Z", "user": 1, "content_type": 2, "object_id": "23", "object_repr": "Student object (23)", "action_flag": 1, "change_message": "[{\"added\": {}}]"}}, {"model": "admin.logentry", "pk": 28, "fields": {"action_time": "2020-09-17T08:30:54.708Z", "user": 1, "content_type": 2, "object_id": "24", "object_repr": "Student object (24)", "action_flag": 1, "change_message": "[{\"added\": {}}]"}}, {"model": "admin.logentry", "pk": 29, "fields": {"action_time": "2020-09-17T08:31:24.890Z", "user": 1, "content_type": 2, "object_id": "25", "object_repr": "Student object (25)", "action_flag": 1, "change_message": "[{\"added\": {}}]"}}, {"model": "admin.logentry", "pk": 30, "fields": {"action_time": "2020-09-17T08:32:17.325Z", "user": 1, "content_type": 2, "object_id": "26", "object_repr": "Student object (26)", "action_flag": 1, "change_message": "[{\"added\": {}}]"}}, {"model": "admin.logentry", "pk": 31, "fields": {"action_time": "2020-09-17T08:33:08.257Z", "user": 1, "content_type": 2, "object_id": "27", "object_repr": "Student object (27)", "action_flag": 1, "change_message": "[{\"added\": {}}]"}}, {"model": "admin.logentry", "pk": 32, "fields": {"action_time": "2020-09-17T08:33:44.691Z", "user": 1, "content_type": 2, "object_id": "28", "object_repr": "Student object (28)", "action_flag": 1, "change_message": "[{\"added\": {}}]"}}, {"model": "admin.logentry", "pk": 33, "fields": {"action_time": "2020-09-17T08:35:05.258Z", "user": 1, "content_type": 2, "object_id": "29", "object_repr": "Student object (29)", "action_flag": 1, "change_message": "[{\"added\": {}}]"}}, {"model": "admin.logentry", "pk": 34, "fields": {"action_time": "2020-09-17T08:35:50.081Z", "user": 1, "content_type": 2, "object_id": "30", "object_repr": "Student object (30)", "action_flag": 1, "change_message": "[{\"added\": {}}]"}}, {"model": "admin.logentry", "pk": 35, "fields": {"action_time": "2020-09-17T08:50:00.524Z", "user": 3, "content_type": 1, "object_id": "1", "object_repr": "Teacher object (1)", "action_flag": 1, "change_message": "[{\"added\": {}}]"}}, {"model": "admin.logentry", "pk": 36, "fields": {"action_time": "2020-09-17T08:50:52.561Z", "user": 3, "content_type": 1, "object_id": "1", "object_repr": "Teacher object (1)", "action_flag": 2, "change_message": "[{\"changed\": {\"fields\": [\"Mail\"]}}]"}}, {"model": "admin.logentry", "pk": 37, "fields": {"action_time": "2020-09-17T08:53:07.264Z", "user": 3, "content_type": 1, "object_id": "2", "object_repr": "Teacher object (2)", "action_flag": 1, "change_message": "[{\"added\": {}}]"}}, {"model": "admin.logentry", "pk": 38, "fields": {"action_time": "2020-09-17T08:53:46.426Z", "user": 3, "content_type": 1, "object_id": "3", "object_repr": "Teacher object (3)", "action_flag": 1, "change_message": "[{\"added\": {}}]"}}, {"model": "admin.logentry", "pk": 39, "fields": {"action_time": "2020-09-17T08:54:33.142Z", "user": 3, "content_type": 1, "object_id": "4", "object_repr": "Teacher object (4)", "action_flag": 1, "change_message": "[{\"added\": {}}]"}}, {"model": "admin.logentry", "pk": 40, "fields": {"action_time": "2020-09-17T08:55:07.441Z", "user": 3, "content_type": 1, "object_id": "5", "object_repr": "Teacher object (5)", "action_flag": 1, "change_message": "[{\"added\": {}}]"}}, {"model": "admin.logentry", "pk": 41, "fields": {"action_time": "2020-09-17T08:55:49.797Z", "user": 3, "content_type": 1, "object_id": "6", "object_repr": "Teacher object (6)", "action_flag": 1, "change_message": "[{\"added\": {}}]"}}, {"model": "admin.logentry", "pk": 42, "fields": {"action_time": "2020-09-17T08:55:52.204Z", "user": 3, "content_type": 1, "object_id": "6", "object_repr": "Teacher object (6)", "action_flag": 2, "change_message": "[]"}}, {"model": "admin.logentry", "pk": 43, "fields": {"action_time": "2020-09-17T10:36:49.966Z", "user": 3, "content_type": 5, "object_id": "2", "object_repr": "Student", "action_flag": 2, "change_message": "[]"}}, {"model": "admin.logentry", "pk": 44, "fields": {"action_time": "2020-09-17T10:42:49.736Z", "user": 3, "content_type": 6, "object_id": "4", "object_repr": "pratik.chougule@walchandsangli.ac.in", "action_flag": 1, "change_message": "[{\"added\": {}}]"}}, {"model": "admin.logentry", "pk": 45, "fields": {"action_time": "2020-09-17T10:44:30.009Z", "user": 3, "content_type": 6, "object_id": "5", "object_repr": "aniket.kankekar@walchandsangli.ac.in", "action_flag": 1, "change_message": "[{\"added\": {}}]"}}, {"model": "admin.logentry", "pk": 46, "fields": {"action_time": "2020-09-17T10:44:50.791Z", "user": 3, "content_type": 6, "object_id": "6", "object_repr": "sanket.mali@walchandsangli.ac.in", "action_flag": 1, "change_message": "[{\"added\": {}}]"}}, {"model": "admin.logentry", "pk": 47, "fields": {"action_time": "2020-09-17T10:45:11.915Z", "user": 3, "content_type": 6, "object_id": "7", "object_repr": "rohan.chavan@walchandsangli.ac.in", "action_flag": 1, "change_message": "[{\"added\": {}}]"}}, {"model": "admin.logentry", "pk": 48, "fields": {"action_time": "2020-09-17T10:45:30.976Z", "user": 3, "content_type": 6, "object_id": "8", "object_repr": "pratibha.maind@walchandsangli.ac.in", "action_flag": 1, "change_message": "[{\"added\": {}}]"}}, {"model": "admin.logentry", "pk": 49, "fields": {"action_time": "2020-09-17T10:45:45.432Z", "user": 3, "content_type": 6, "object_id": "9", "object_repr": "rutuja.more@walchandsangli.ac.in", "action_flag": 1, "change_message": "[{\"added\": {}}]"}}, {"model": "admin.logentry", "pk": 50, "fields": {"action_time": "2020-09-17T10:46:01.205Z", "user": 3, "content_type": 6, "object_id": "10", "object_repr": "sweety.gupta@walchandsangli.ac.in", "action_flag": 1, "change_message": "[{\"added\": {}}]"}}, {"model": "admin.logentry", "pk": 51, "fields": {"action_time": "2020-09-17T10:46:17.636Z", "user": 3, "content_type": 6, "object_id": "11", "object_repr": "anchit.gupta@walchandsangli.ac.in", "action_flag": 1, "change_message": "[{\"added\": {}}]"}}, {"model": "admin.logentry", "pk": 52, "fields": {"action_time": "2020-09-17T10:46:35.858Z", "user": 3, "content_type": 6, "object_id": "12", "object_repr": "om.khairnar@walchandsangli.ac.in", "action_flag": 1, "change_message": "[{\"added\": {}}]"}}, {"model": "admin.logentry", "pk": 53, "fields": {"action_time": "2020-09-17T10:47:01.499Z", "user": 3, "content_type": 6, "object_id": "13", "object_repr": "pranav.karle@walchandsangli.ac.in", "action_flag": 1, "change_message": "[{\"added\": {}}]"}}, {"model": "admin.logentry", "pk": 54, "fields": {"action_time": "2020-09-17T10:48:10.055Z", "user": 3, "content_type": 6, "object_id": "11", "object_repr": "anchit.gupta@walchandsangli.ac.in", "action_flag": 2, "change_message": "[{\"changed\": {\"fields\": [\"Groups\"]}}]"}}, {"model": "admin.logentry", "pk": 55, "fields": {"action_time": "2020-09-17T10:48:49.779Z", "user": 3, "content_type": 6, "object_id": "14", "object_repr": "amaan.shaikh@walchandsangli.ac.in", "action_flag": 1, "change_message": "[{\"added\": {}}]"}}, {"model": "admin.logentry", "pk": 56, "fields": {"action_time": "2020-09-17T10:49:05.829Z", "user": 3, "content_type": 6, "object_id": "15", "object_repr": "sushant.patil@walchandsangli.ac.in", "action_flag": 1, "change_message": "[{\"added\": {}}]"}}, {"model": "admin.logentry", "pk": 57, "fields": {"action_time": "2020-09-17T10:49:20.939Z", "user": 3, "content_type": 6, "object_id": "16", "object_repr": "aditi.joshi@walchandsangli.ac.in", "action_flag": 1, "change_message": "[{\"added\": {}}]"}}, {"model": "admin.logentry", "pk": 58, "fields": {"action_time": "2020-09-17T10:49:39.602Z", "user": 3, "content_type": 6, "object_id": "17", "object_repr": "vaibhav.kute@walchandsangli.ac.in", "action_flag": 1, "change_message": "[{\"added\": {}}]"}}, {"model": "admin.logentry", "pk": 59, "fields": {"action_time": "2020-09-17T10:49:54.379Z", "user": 3, "content_type": 6, "object_id": "18", "object_repr": "vishal.borse@walchandsangli.ac.in", "action_flag": 1, "change_message": "[{\"added\": {}}]"}}, {"model": "admin.logentry", "pk": 60, "fields": {"action_time": "2020-09-17T10:50:12.800Z", "user": 3, "content_type": 6, "object_id": "19", "object_repr": "rohan.bondre@walchandsangli.ac.in", "action_flag": 1, "change_message": "[{\"added\": {}}]"}}, {"model": "admin.logentry", "pk": 61, "fields": {"action_time": "2020-09-17T10:50:32.810Z", "user": 3, "content_type": 6, "object_id": "20", "object_repr": "devang.kamble@walchandsangli.ac.in", "action_flag": 1, "change_message": "[{\"added\": {}}]"}}, {"model": "admin.logentry", "pk": 62, "fields": {"action_time": "2020-09-17T10:50:48.384Z", "user": 3, "content_type": 6, "object_id": "21", "object_repr": "sanket.sonawane@walchandsangli.ac.in", "action_flag": 1, "change_message": "[{\"added\": {}}]"}}, {"model": "admin.logentry", "pk": 63, "fields": {"action_time": "2020-09-17T10:51:05.877Z", "user": 3, "content_type": 6, "object_id": "22", "object_repr": "suyash.chavan@walchandsangli.ac.in", "action_flag": 1, "change_message": "[{\"added\": {}}]"}}, {"model": "admin.logentry", "pk": 64, "fields": {"action_time": "2020-09-17T10:51:25.609Z", "user": 3, "content_type": 6, "object_id": "23", "object_repr": "pratik.raut@walchandsangli.ac.in", "action_flag": 1, "change_message": "[{\"added\": {}}]"}}, {"model": "admin.logentry", "pk": 65, "fields": {"action_time": "2020-09-17T10:51:39.738Z", "user": 3, "content_type": 6, "object_id": "24", "object_repr": "sadaf.mulla@walchandsangli.ac.in", "action_flag": 1, "change_message": "[{\"added\": {}}]"}}, {"model": "admin.logentry", "pk": 66, "fields": {"action_time": "2020-09-17T10:52:04.503Z", "user": 3, "content_type": 6, "object_id": "25", "object_repr": "teknath.jha@walchandsangli.ac.in", "action_flag": 1, "change_message": "[{\"added\": {}}]"}}, {"model": "admin.logentry", "pk": 67, "fields": {"action_time": "2020-09-17T10:52:27.639Z", "user": 3, "content_type": 6, "object_id": "26", "object_repr": "muskan.attar@walchandsangli.ac.in", "action_flag": 1, "change_message": "[{\"added\": {}}]"}}, {"model": "admin.logentry", "pk": 68, "fields": {"action_time": "2020-09-17T10:54:00.505Z", "user": 3, "content_type": 6, "object_id": "27", "object_repr": "kajal.pawar@walchandsangli.ac.in", "action_flag": 1, "change_message": "[{\"added\": {}}]"}}, {"model": "admin.logentry", "pk": 69, "fields": {"action_time": "2020-09-17T10:54:28.148Z", "user": 3, "content_type": 6, "object_id": "28", "object_repr": "akash.raut@walchandsangli.ac.in", "action_flag": 1, "change_message": "[{\"added\": {}}]"}}, {"model": "admin.logentry", "pk": 70, "fields": {"action_time": "2020-09-17T10:54:42.527Z", "user": 3, "content_type": 6, "object_id": "29", "object_repr": "smital.patil@walchandsangli.ac.in", "action_flag": 1, "change_message": "[{\"added\": {}}]"}}, {"model": "admin.logentry", "pk": 71, "fields": {"action_time": "2020-09-17T10:55:05.475Z", "user": 3, "content_type": 6, "object_id": "30", "object_repr": "shruti.desai@walchandsangli.ac.in", "action_flag": 1, "change_message": "[{\"added\": {}}]"}}, {"model": "admin.logentry", "pk": 72, "fields": {"action_time": "2020-09-17T10:55:20.526Z", "user": 3, "content_type": 6, "object_id": "31", "object_repr": "kartik.hunda@walchandsangli.ac.in", "action_flag": 1, "change_message": "[{\"added\": {}}]"}}, {"model": "admin.logentry", "pk": 73, "fields": {"action_time": "2020-09-17T10:55:36.913Z", "user": 3, "content_type": 6, "object_id": "32", "object_repr": "kshitij.sabale@walchandsangli.ac.in", "action_flag": 1, "change_message": "[{\"added\": {}}]"}}, {"model": "admin.logentry", "pk": 74, "fields": {"action_time": "2020-09-17T10:57:49.363Z", "user": 3, "content_type": 6, "object_id": "16", "object_repr": "aditi.joshi@walchandsangli.ac.in", "action_flag": 2, "change_message": "[{\"changed\": {\"fields\": [\"Groups\"]}}]"}}, {"model": "admin.logentry", "pk": 75, "fields": {"action_time": "2020-09-17T10:58:10.891Z", "user": 3, "content_type": 6, "object_id": "28", "object_repr": "akash.raut@walchandsangli.ac.in", "action_flag": 2, "change_message": "[{\"changed\": {\"fields\": [\"Groups\"]}}]"}}, {"model": "admin.logentry", "pk": 76, "fields": {"action_time": "2020-09-17T10:58:16.878Z", "user": 3, "content_type": 6, "object_id": "14", "object_repr": "amaan.shaikh@walchandsangli.ac.in", "action_flag": 2, "change_message": "[{\"changed\": {\"fields\": [\"Groups\"]}}]"}}, {"model": "admin.logentry", "pk": 77, "fields": {"action_time": "2020-09-17T10:58:26.869Z", "user": 3, "content_type": 6, "object_id": "11", "object_repr": "anchit.gupta@walchandsangli.ac.in", "action_flag": 2, "change_message": "[]"}}, {"model": "admin.logentry", "pk": 78, "fields": {"action_time": "2020-09-17T10:58:33.038Z", "user": 3, "content_type": 6, "object_id": "5", "object_repr": "aniket.kankekar@walchandsangli.ac.in", "action_flag": 2, "change_message": "[{\"changed\": {\"fields\": [\"Groups\"]}}]"}}, {"model": "admin.logentry", "pk": 79, "fields": {"action_time": "2020-09-17T10:59:27.459Z", "user": 3, "content_type": 6, "object_id": "20", "object_repr": "devang.kamble@walchandsangli.ac.in", "action_flag": 2, "change_message": "[{\"changed\": {\"fields\": [\"Groups\"]}}]"}}, {"model": "admin.logentry", "pk": 80, "fields": {"action_time": "2020-09-17T10:59:33.910Z", "user": 3, "content_type": 6, "object_id": "27", "object_repr": "kajal.pawar@walchandsangli.ac.in", "action_flag": 2, "change_message": "[{\"changed\": {\"fields\": [\"Groups\"]}}]"}}, {"model": "admin.logentry", "pk": 81, "fields": {"action_time": "2020-09-17T10:59:50.814Z", "user": 3, "content_type": 6, "object_id": "31", "object_repr": "kartik.hunda@walchandsangli.ac.in", "action_flag": 2, "change_message": "[{\"changed\": {\"fields\": [\"Groups\"]}}]"}}, {"model": "admin.logentry", "pk": 82, "fields": {"action_time": "2020-09-17T11:00:02.016Z", "user": 3, "content_type": 6, "object_id": "32", "object_repr": "kshitij.sabale@walchandsangli.ac.in", "action_flag": 2, "change_message": "[{\"changed\": {\"fields\": [\"Groups\"]}}]"}}, {"model": "admin.logentry", "pk": 83, "fields": {"action_time": "2020-09-17T11:00:12.294Z", "user": 3, "content_type": 6, "object_id": "26", "object_repr": "muskan.attar@walchandsangli.ac.in", "action_flag": 2, "change_message": "[{\"changed\": {\"fields\": [\"Groups\"]}}]"}}, {"model": "admin.logentry", "pk": 84, "fields": {"action_time": "2020-09-17T11:00:18.074Z", "user": 3, "content_type": 6, "object_id": "12", "object_repr": "om.khairnar@walchandsangli.ac.in", "action_flag": 2, "change_message": "[{\"changed\": {\"fields\": [\"Groups\"]}}]"}}, {"model": "admin.logentry", "pk": 85, "fields": {"action_time": "2020-09-17T11:00:34.439Z", "user": 3, "content_type": 6, "object_id": "13", "object_repr": "pranav.karle@walchandsangli.ac.in", "action_flag": 2, "change_message": "[{\"changed\": {\"fields\": [\"Groups\"]}}]"}}, {"model": "admin.logentry", "pk": 86, "fields": {"action_time": "2020-09-17T11:00:38.762Z", "user": 3, "content_type": 6, "object_id": "8", "object_repr": "pratibha.maind@walchandsangli.ac.in", "action_flag": 2, "change_message": "[{\"changed\": {\"fields\": [\"Groups\"]}}]"}}, {"model": "admin.logentry", "pk": 87, "fields": {"action_time": "2020-09-17T11:00:44.892Z", "user": 3, "content_type": 6, "object_id": "4", "object_repr": "pratik.chougule@walchandsangli.ac.in", "action_flag": 2, "change_message": "[{\"changed\": {\"fields\": [\"Groups\"]}}]"}}, {"model": "admin.logentry", "pk": 88, "fields": {"action_time": "2020-09-17T11:00:50.945Z", "user": 3, "content_type": 6, "object_id": "23", "object_repr": "pratik.raut@walchandsangli.ac.in", "action_flag": 2, "change_message": "[{\"changed\": {\"fields\": [\"Groups\"]}}]"}}, {"model": "admin.logentry", "pk": 89, "fields": {"action_time": "2020-09-17T11:00:56.048Z", "user": 3, "content_type": 6, "object_id": "19", "object_repr": "rohan.bondre@walchandsangli.ac.in", "action_flag": 2, "change_message": "[{\"changed\": {\"fields\": [\"Groups\"]}}]"}}, {"model": "admin.logentry", "pk": 90, "fields": {"action_time": "2020-09-17T11:01:07.501Z", "user": 3, "content_type": 6, "object_id": "7", "object_repr": "rohan.chavan@walchandsangli.ac.in", "action_flag": 2, "change_message": "[{\"changed\": {\"fields\": [\"Groups\"]}}]"}}, {"model": "admin.logentry", "pk": 91, "fields": {"action_time": "2020-09-17T11:01:14.219Z", "user": 3, "content_type": 6, "object_id": "9", "object_repr": "rutuja.more@walchandsangli.ac.in", "action_flag": 2, "change_message": "[{\"changed\": {\"fields\": [\"Groups\"]}}]"}}, {"model": "admin.logentry", "pk": 92, "fields": {"action_time": "2020-09-17T11:01:33.774Z", "user": 3, "content_type": 6, "object_id": "24", "object_repr": "sadaf.mulla@walchandsangli.ac.in", "action_flag": 2, "change_message": "[{\"changed\": {\"fields\": [\"Groups\"]}}]"}}, {"model": "admin.logentry", "pk": 93, "fields": {"action_time": "2020-09-17T11:01:39.638Z", "user": 3, "content_type": 6, "object_id": "6", "object_repr": "sanket.mali@walchandsangli.ac.in", "action_flag": 2, "change_message": "[{\"changed\": {\"fields\": [\"Groups\"]}}]"}}, {"model": "admin.logentry", "pk": 94, "fields": {"action_time": "2020-09-17T11:01:46.657Z", "user": 3, "content_type": 6, "object_id": "21", "object_repr": "sanket.sonawane@walchandsangli.ac.in", "action_flag": 2, "change_message": "[{\"changed\": {\"fields\": [\"Groups\"]}}]"}}, {"model": "admin.logentry", "pk": 95, "fields": {"action_time": "2020-09-17T11:01:57.945Z", "user": 3, "content_type": 6, "object_id": "30", "object_repr": "shruti.desai@walchandsangli.ac.in", "action_flag": 2, "change_message": "[{\"changed\": {\"fields\": [\"Groups\"]}}]"}}, {"model": "admin.logentry", "pk": 96, "fields": {"action_time": "2020-09-17T11:02:03.769Z", "user": 3, "content_type": 6, "object_id": "29", "object_repr": "smital.patil@walchandsangli.ac.in", "action_flag": 2, "change_message": "[{\"changed\": {\"fields\": [\"Groups\"]}}]"}}, {"model": "admin.logentry", "pk": 97, "fields": {"action_time": "2020-09-17T11:02:10.854Z", "user": 3, "content_type": 6, "object_id": "15", "object_repr": "sushant.patil@walchandsangli.ac.in", "action_flag": 2, "change_message": "[{\"changed\": {\"fields\": [\"Groups\"]}}]"}}, {"model": "admin.logentry", "pk": 98, "fields": {"action_time": "2020-09-17T11:02:16.960Z", "user": 3, "content_type": 6, "object_id": "22", "object_repr": "suyash.chavan@walchandsangli.ac.in", "action_flag": 2, "change_message": "[{\"changed\": {\"fields\": [\"Groups\"]}}]"}}, {"model": "admin.logentry", "pk": 99, "fields": {"action_time": "2020-09-17T11:02:22.176Z", "user": 3, "content_type": 6, "object_id": "10", "object_repr": "sweety.gupta@walchandsangli.ac.in", "action_flag": 2, "change_message": "[{\"changed\": {\"fields\": [\"Groups\"]}}]"}}, {"model": "admin.logentry", "pk": 100, "fields": {"action_time": "2020-09-17T11:02:28.893Z", "user": 3, "content_type": 6, "object_id": "25", "object_repr": "teknath.jha@walchandsangli.ac.in", "action_flag": 2, "change_message": "[{\"changed\": {\"fields\": [\"Groups\"]}}]"}}, {"model": "admin.logentry", "pk": 101, "fields": {"action_time": "2020-09-17T11:02:33.921Z", "user": 3, "content_type": 6, "object_id": "17", "object_repr": "vaibhav.kute@walchandsangli.ac.in", "action_flag": 2, "change_message": "[{\"changed\": {\"fields\": [\"Groups\"]}}]"}}, {"model": "admin.logentry", "pk": 102, "fields": {"action_time": "2020-09-17T11:02:43.341Z", "user": 3, "content_type": 6, "object_id": "18", "object_repr": "vishal.borse@walchandsangli.ac.in", "action_flag": 2, "change_message": "[{\"changed\": {\"fields\": [\"Groups\"]}}]"}}, {"model": "admin.logentry", "pk": 103, "fields": {"action_time": "2020-09-17T11:03:49.537Z", "user": 3, "content_type": 6, "object_id": "33", "object_repr": "anil.surve@walchandsangli.ac.in", "action_flag": 1, "change_message": "[{\"added\": {}}]"}}, {"model": "admin.logentry", "pk": 104, "fields": {"action_time": "2020-09-17T11:04:02.993Z", "user": 3, "content_type": 6, "object_id": "34", "object_repr": "renuka.khot@walchandsangli.ac.in", "action_flag": 1, "change_message": "[{\"added\": {}}]"}}, {"model": "admin.logentry", "pk": 105, "fields": {"action_time": "2020-09-17T11:04:28.188Z", "user": 3, "content_type": 6, "object_id": "35", "object_repr": "aprupa.pawar@walchandsangli.ac.in", "action_flag": 1, "change_message": "[{\"added\": {}}]"}}, {"model": "admin.logentry", "pk": 106, "fields": {"action_time": "2020-09-17T11:04:40.179Z", "user": 3, "content_type": 6, "object_id": "36", "object_repr": "pooja.mundada@walchandsangli.ac.in", "action_flag": 1, "change_message": "[{\"added\": {}}]"}}, {"model": "admin.logentry", "pk": 107, "fields": {"action_time": "2020-09-17T11:04:57.504Z", "user": 3, "content_type": 1, "object_id": "3", "object_repr": "Swapnil Mahadeshwar", "action_flag": 2, "change_message": "[{\"changed\": {\"fields\": [\"Mail\"]}}]"}}, {"model": "admin.logentry", "pk": 108, "fields": {"action_time": "2020-09-17T11:05:12.807Z", "user": 3, "content_type": 6, "object_id": "37", "object_repr": "swapnil.mahadeshwar@walchandsangli.ac.in", "action_flag": 1, "change_message": "[{\"added\": {}}]"}}, {"model": "admin.logentry", "pk": 109, "fields": {"action_time": "2020-09-17T11:05:29.377Z", "user": 3, "content_type": 6, "object_id": "38", "object_repr": "nitin.gavankar@walchandsangli.ac.in", "action_flag": 1, "change_message": "[{\"added\": {}}]"}}, {"model": "admin.logentry", "pk": 110, "fields": {"action_time": "2020-09-17T11:06:53.054Z", "user": 3, "content_type": 6, "object_id": "35", "object_repr": "aprupa.pawar@walchandsangli.ac.in", "action_flag": 2, "change_message": "[{\"changed\": {\"fields\": [\"Groups\"]}}]"}}, {"model": "admin.logentry", "pk": 111, "fields": {"action_time": "2020-09-17T11:06:58.043Z", "user": 3, "content_type": 6, "object_id": "37", "object_repr": "swapnil.mahadeshwar@walchandsangli.ac.in", "action_flag": 2, "change_message": "[{\"changed\": {\"fields\": [\"Groups\"]}}]"}}, {"model": "admin.logentry", "pk": 112, "fields": {"action_time": "2020-09-17T11:07:04.179Z", "user": 3, "content_type": 6, "object_id": "33", "object_repr": "anil.surve@walchandsangli.ac.in", "action_flag": 2, "change_message": "[{\"changed\": {\"fields\": [\"Groups\"]}}]"}}, {"model": "admin.logentry", "pk": 113, "fields": {"action_time": "2020-09-17T11:07:20.414Z", "user": 3, "content_type": 6, "object_id": "38", "object_repr": "nitin.gavankar@walchandsangli.ac.in", "action_flag": 2, "change_message": "[{\"changed\": {\"fields\": [\"Groups\"]}}]"}}, {"model": "admin.logentry", "pk": 114, "fields": {"action_time": "2020-09-17T11:07:26.226Z", "user": 3, "content_type": 6, "object_id": "36", "object_repr": "pooja.mundada@walchandsangli.ac.in", "action_flag": 2, "change_message": "[{\"changed\": {\"fields\": [\"Groups\"]}}]"}}, {"model": "admin.logentry", "pk": 115, "fields": {"action_time": "2020-09-17T11:07:31.670Z", "user": 3, "content_type": 6, "object_id": "34", "object_repr": "renuka.khot@walchandsangli.ac.in", "action_flag": 2, "change_message": "[{\"changed\": {\"fields\": [\"Groups\"]}}]"}}, {"model": "admin.logentry", "pk": 116, "fields": {"action_time": "2020-09-18T12:37:21.803Z", "user": 1, "content_type": 2, "object_id": "3", "object_repr": "Kartik Khunda", "action_flag": 2, "change_message": "[{\"changed\": {\"fields\": [\"Mail\", \"LName\"]}}]"}}, {"model": "auth.permission", "pk": 1, "fields": {"name": "Can add teacher", "content_type": 1, "codename": "add_teacher"}}, {"model": "auth.permission", "pk": 2, "fields": {"name": "Can change teacher", "content_type": 1, "codename": "change_teacher"}}, {"model": "auth.permission", "pk": 3, "fields": {"name": "Can delete teacher", "content_type": 1, "codename": "delete_teacher"}}, {"model": "auth.permission", "pk": 4, "fields": {"name": "Can view teacher", "content_type": 1, "codename": "view_teacher"}}, {"model": "auth.permission", "pk": 5, "fields": {"name": "Can add student", "content_type": 2, "codename": "add_student"}}, {"model": "auth.permission", "pk": 6, "fields": {"name": "Can change student", "content_type": 2, "codename": "change_student"}}, {"model": "auth.permission", "pk": 7, "fields": {"name": "Can delete student", "content_type": 2, "codename": "delete_student"}}, {"model": "auth.permission", "pk": 8, "fields": {"name": "Can view student", "content_type": 2, "codename": "view_student"}}, {"model": "auth.permission", "pk": 9, "fields": {"name": "Can add log entry", "content_type": 3, "codename": "add_logentry"}}, {"model": "auth.permission", "pk": 10, "fields": {"name": "Can change log entry", "content_type": 3, "codename": "change_logentry"}}, {"model": "auth.permission", "pk": 11, "fields": {"name": "Can delete log entry", "content_type": 3, "codename": "delete_logentry"}}, {"model": "auth.permission", "pk": 12, "fields": {"name": "Can view log entry", "content_type": 3, "codename": "view_logentry"}}, {"model": "auth.permission", "pk": 13, "fields": {"name": "Can add permission", "content_type": 4, "codename": "add_permission"}}, {"model": "auth.permission", "pk": 14, "fields": {"name": "Can change permission", "content_type": 4, "codename": "change_permission"}}, {"model": "auth.permission", "pk": 15, "fields": {"name": "Can delete permission", "content_type": 4, "codename": "delete_permission"}}, {"model": "auth.permission", "pk": 16, "fields": {"name": "Can view permission", "content_type": 4, "codename": "view_permission"}}, {"model": "auth.permission", "pk": 17, "fields": {"name": "Can add group", "content_type": 5, "codename": "add_group"}}, {"model": "auth.permission", "pk": 18, "fields": {"name": "Can change group", "content_type": 5, "codename": "change_group"}}, {"model": "auth.permission", "pk": 19, "fields": {"name": "Can delete group", "content_type": 5, "codename": "delete_group"}}, {"model": "auth.permission", "pk": 20, "fields": {"name": "Can view group", "content_type": 5, "codename": "view_group"}}, {"model": "auth.permission", "pk": 21, "fields": {"name": "Can add user", "content_type": 6, "codename": "add_user"}}, {"model": "auth.permission", "pk": 22, "fields": {"name": "Can change user", "content_type": 6, "codename": "change_user"}}, {"model": "auth.permission", "pk": 23, "fields": {"name": "Can delete user", "content_type": 6, "codename": "delete_user"}}, {"model": "auth.permission", "pk": 24, "fields": {"name": "Can view user", "content_type": 6, "codename": "view_user"}}, {"model": "auth.permission", "pk": 25, "fields": {"name": "Can add content type", "content_type": 7, "codename": "add_contenttype"}}, {"model": "auth.permission", "pk": 26, "fields": {"name": "Can change content type", "content_type": 7, "codename": "change_contenttype"}}, {"model": "auth.permission", "pk": 27, "fields": {"name": "Can delete content type", "content_type": 7, "codename": "delete_contenttype"}}, {"model": "auth.permission", "pk": 28, "fields": {"name": "Can view content type", "content_type": 7, "codename": "view_contenttype"}}, {"model": "auth.permission", "pk": 29, "fields": {"name": "Can add session", "content_type": 8, "codename": "add_session"}}, {"model": "auth.permission", "pk": 30, "fields": {"name": "Can change session", "content_type": 8, "codename": "change_session"}}, {"model": "auth.permission", "pk": 31, "fields": {"name": "Can delete session", "content_type": 8, "codename": "delete_session"}}, {"model": "auth.permission", "pk": 32, "fields": {"name": "Can view session", "content_type": 8, "codename": "view_session"}}, {"model": "auth.group", "pk": 1, "fields": {"name": "Teacher", "permissions": [6, 8, 4]}}, {"model": "auth.group", "pk": 2, "fields": {"name": "Student", "permissions": [8]}}, {"model": "auth.user", "pk": 1, "fields": {"password": "pbkdf2_sha256$216000$Q16yZCQR9NeM$Yj+2fWbehxxB0FCw8C8GORBQdlHRvtGTv8WD7ifGZpI=", "last_login": "2020-09-18T05:33:27.601Z", "is_superuser": true, "username": "admin", "first_name": "", "last_name": "", "email": "admin@admin.com", "is_staff": true, "is_active": true, "date_joined": "2020-09-17T02:40:40.324Z", "groups": [], "user_permissions": []}}, {"model": "auth.user", "pk": 2, "fields": {"password": "pbkdf2_sha256$216000$PzOq3TTkHH3t$VgM2fGuY9aUWrFbSmqvO4NrbRE3My6xzWuSUNFHF7M8=", "last_login": null, "is_superuser": true, "username": "kshitijs", "first_name": "", "last_name": "", "email": "kshitijsabale14@gmail.com", "is_staff": true, "is_active": true, "date_joined": "2020-09-17T03:55:07.446Z", "groups": [], "user_permissions": []}}, {"model": "auth.user", "pk": 3, "fields": {"password": "pbkdf2_sha256$216000$3Mn1161LMVNd$x510zEnDqX3RP8+zb1CHzcnPg4i52ARq3VMT8S4j8gg=", "last_login": "2020-09-17T03:57:35.447Z", "is_superuser": true, "username": "devangk", "first_name": "", "last_name": "", "email": "risingentropy20@gmail.com", "is_staff": true, "is_active": true, "date_joined": "2020-09-17T03:56:17.045Z", "groups": [], "user_permissions": []}}, {"model": "auth.user", "pk": 4, "fields": {"password": "pbkdf2_sha256$216000$dIb3O1bMYQDw$C7zfpHb3h/MgzPSVKvlIAgvIhYbqexaYqaCahYYvo0k=", "last_login": null, "is_superuser": false, "username": "pratik.chougule@walchandsangli.ac.in", "first_name": "", "last_name": "", "email": "", "is_staff": false, "is_active": true, "date_joined": "2020-09-17T10:42:49Z", "groups": [2], "user_permissions": []}}, {"model": "auth.user", "pk": 5, "fields": {"password": "pbkdf2_sha256$216000$J4LJ4MEIAEgt$54otn+P4pCn2BpCmk6kfxfrPXx809OA5+/s2SOkaSh8=", "last_login": null, "is_superuser": false, "username": "aniket.kankekar@walchandsangli.ac.in", "first_name": "", "last_name": "", "email": "", "is_staff": false, "is_active": true, "date_joined": "2020-09-17T10:44:29Z", "groups": [2], "user_permissions": []}}, {"model": "auth.user", "pk": 6, "fields": {"password": "pbkdf2_sha256$216000$f8wGQ2a75W4M$Og7JF0Sb5PHrvwDlLsvdmeQTHYcpm6LO3Upzlv/3Iqc=", "last_login": null, "is_superuser": false, "username": "sanket.mali@walchandsangli.ac.in", "first_name": "", "last_name": "", "email": "", "is_staff": false, "is_active": true, "date_joined": "2020-09-17T10:44:50Z", "groups": [2], "user_permissions": []}}, {"model": "auth.user", "pk": 7, "fields": {"password": "pbkdf2_sha256$216000$p0EdtOxHZBq6$aU+Fuhf2C89zt2WldCNv+KO3qtVDTJdx2/vyXep8tcY=", "last_login": null, "is_superuser": false, "username": "rohan.chavan@walchandsangli.ac.in", "first_name": "", "last_name": "", "email": "", "is_staff": false, "is_active": true, "date_joined": "2020-09-17T10:45:11Z", "groups": [2], "user_permissions": []}}, {"model": "auth.user", "pk": 8, "fields": {"password": "pbkdf2_sha256$216000$N1OcN9obut63$JjwIhgOLgBdm/iTSFPy2v5bpOZsnXGU6JuQ/KuKgEnw=", "last_login": null, "is_superuser": false, "username": "pratibha.maind@walchandsangli.ac.in", "first_name": "", "last_name": "", "email": "", "is_staff": false, "is_active": true, "date_joined": "2020-09-17T10:45:30Z", "groups": [2], "user_permissions": []}}, {"model": "auth.user", "pk": 9, "fields": {"password": "pbkdf2_sha256$216000$u33uDP6teHo8$pvJ9rXcZdBPRj7+Qu6WMiA/C8nuDFIPrvskloIU0Gjw=", "last_login": null, "is_superuser": false, "username": "rutuja.more@walchandsangli.ac.in", "first_name": "", "last_name": "", "email": "", "is_staff": false, "is_active": true, "date_joined": "2020-09-17T10:45:45Z", "groups": [2], "user_permissions": []}}, {"model": "auth.user", "pk": 10, "fields": {"password": "pbkdf2_sha256$216000$TxjMlU3PxfpH$7AxX9Cn2h0AknNwih+KI4OAbnwUCFOR8QsPxnOGFJIE=", "last_login": null, "is_superuser": false, "username": "sweety.gupta@walchandsangli.ac.in", "first_name": "", "last_name": "", "email": "", "is_staff": false, "is_active": true, "date_joined": "2020-09-17T10:46:01Z", "groups": [2], "user_permissions": []}}, {"model": "auth.user", "pk": 11, "fields": {"password": "pbkdf2_sha256$216000$DazzUxlQ7qA1$P0TgOJ+i/0TFKsKEL4xzeL+pTx9FpQ1HFHs5o8h4mfM=", "last_login": null, "is_superuser": false, "username": "anchit.gupta@walchandsangli.ac.in", "first_name": "", "last_name": "", "email": "", "is_staff": false, "is_active": true, "date_joined": "2020-09-17T10:46:17Z", "groups": [2], "user_permissions": []}}, {"model": "auth.user", "pk": 12, "fields": {"password": "pbkdf2_sha256$216000$zgF1nUMph04S$Cd6CuoJosQxHz3dLWt17DiUsoQl56BwOHl7Hmc0tpaI=", "last_login": null, "is_superuser": false, "username": "om.khairnar@walchandsangli.ac.in", "first_name": "", "last_name": "", "email": "", "is_staff": false, "is_active": true, "date_joined": "2020-09-17T10:46:35Z", "groups": [2], "user_permissions": []}}, {"model": "auth.user", "pk": 13, "fields": {"password": "pbkdf2_sha256$216000$aaaHCUjDyVCd$jVfyjogYZKUdF2pOFBJLAbO+lLSVzPGTjZlYW9svWI0=", "last_login": null, "is_superuser": false, "username": "pranav.karle@walchandsangli.ac.in", "first_name": "", "last_name": "", "email": "", "is_staff": false, "is_active": true, "date_joined": "2020-09-17T10:47:01Z", "groups": [2], "user_permissions": []}}, {"model": "auth.user", "pk": 14, "fields": {"password": "pbkdf2_sha256$216000$iWaEONxrBvny$Rh1rz+/8HgzqSYdI8Ik2F8IQXjtZSLUwkrDM0eCOUIA=", "last_login": null, "is_superuser": false, "username": "amaan.shaikh@walchandsangli.ac.in", "first_name": "", "last_name": "", "email": "", "is_staff": false, "is_active": true, "date_joined": "2020-09-17T10:48:49Z", "groups": [2], "user_permissions": []}}, {"model": "auth.user", "pk": 15, "fields": {"password": "pbkdf2_sha256$216000$ceo7QF0P99is$lqxCYLCWUQ7uh+rNxffxVuoHU9Yh2ApmbktJd0ht/0k=", "last_login": null, "is_superuser": false, "username": "sushant.patil@walchandsangli.ac.in", "first_name": "", "last_name": "", "email": "", "is_staff": false, "is_active": true, "date_joined": "2020-09-17T10:49:05Z", "groups": [2], "user_permissions": []}}, {"model": "auth.user", "pk": 16, "fields": {"password": "pbkdf2_sha256$216000$oDLMGeygIygj$RrcOTZgISeh2RMGK+6PdeuCj/yuOWWdRWxM8yFNklZ8=", "last_login": null, "is_superuser": false, "username": "aditi.joshi@walchandsangli.ac.in", "first_name": "", "last_name": "", "email": "", "is_staff": false, "is_active": true, "date_joined": "2020-09-17T10:49:20Z", "groups": [2], "user_permissions": []}}, {"model": "auth.user", "pk": 17, "fields": {"password": "pbkdf2_sha256$216000$ffMcdvg2WFdX$qkg74v1ggW49FUjJwGG/58FrqFNPEfFULBKOEt+fbgw=", "last_login": null, "is_superuser": false, "username": "vaibhav.kute@walchandsangli.ac.in", "first_name": "", "last_name": "", "email": "", "is_staff": false, "is_active": true, "date_joined": "2020-09-17T10:49:39Z", "groups": [2], "user_permissions": []}}, {"model": "auth.user", "pk": 18, "fields": {"password": "pbkdf2_sha256$216000$07EXnsWjZeh7$VX1pOQwUB7tCI8sjU/MVAiS6+kGc5cDkCZ3u6M0Pock=", "last_login": null, "is_superuser": false, "username": "vishal.borse@walchandsangli.ac.in", "first_name": "", "last_name": "", "email": "", "is_staff": false, "is_active": true, "date_joined": "2020-09-17T10:49:54Z", "groups": [2], "user_permissions": []}}, {"model": "auth.user", "pk": 19, "fields": {"password": "pbkdf2_sha256$216000$yrYrYpzSV9m7$BcHBrBeOD6CVdLhREtuU92PcmjeslxmUOsoqWvuIfIg=", "last_login": null, "is_superuser": false, "username": "rohan.bondre@walchandsangli.ac.in", "first_name": "", "last_name": "", "email": "", "is_staff": false, "is_active": true, "date_joined": "2020-09-17T10:50:12Z", "groups": [2], "user_permissions": []}}, {"model": "auth.user", "pk": 20, "fields": {"password": "pbkdf2_sha256$216000$klbSPp2Iuw1E$L86rtPlHnTuxfPIwWgofxYgMn/Qrp1RQXJ2F4tcnYCI=", "last_login": null, "is_superuser": false, "username": "devang.kamble@walchandsangli.ac.in", "first_name": "", "last_name": "", "email": "", "is_staff": false, "is_active": true, "date_joined": "2020-09-17T10:50:32Z", "groups": [2], "user_permissions": []}}, {"model": "auth.user", "pk": 21, "fields": {"password": "pbkdf2_sha256$216000$cdtNGLp8AFFf$S3bn78XdouATMFu5zec13chfiLE0v/3YGFM57xLhk04=", "last_login": null, "is_superuser": false, "username": "sanket.sonawane@walchandsangli.ac.in", "first_name": "", "last_name": "", "email": "", "is_staff": false, "is_active": true, "date_joined": "2020-09-17T10:50:48Z", "groups": [2], "user_permissions": []}}, {"model": "auth.user", "pk": 22, "fields": {"password": "pbkdf2_sha256$216000$s3SdviJlNKVk$xFTn+gqjYIZRe16ETCHbE+Jg1BW91HUrX2P8cK+MTbQ=", "last_login": null, "is_superuser": false, "username": "suyash.chavan@walchandsangli.ac.in", "first_name": "", "last_name": "", "email": "", "is_staff": false, "is_active": true, "date_joined": "2020-09-17T10:51:05Z", "groups": [2], "user_permissions": []}}, {"model": "auth.user", "pk": 23, "fields": {"password": "pbkdf2_sha256$216000$xEEv6I3HCLpj$gOeMDRZTeNu+Nf2oDkeCT7zUiuC/E9Z586bhVziCLGI=", "last_login": null, "is_superuser": false, "username": "pratik.raut@walchandsangli.ac.in", "first_name": "", "last_name": "", "email": "", "is_staff": false, "is_active": true, "date_joined": "2020-09-17T10:51:25Z", "groups": [2], "user_permissions": []}}, {"model": "auth.user", "pk": 24, "fields": {"password": "pbkdf2_sha256$216000$vGVVkyyQeSpX$4/TKrKtQJkJbnan0+p6n/jZUjC1jtN7RRqQEWErv8Jc=", "last_login": null, "is_superuser": false, "username": "sadaf.mulla@walchandsangli.ac.in", "first_name": "", "last_name": "", "email": "", "is_staff": false, "is_active": true, "date_joined": "2020-09-17T10:51:39Z", "groups": [2], "user_permissions": []}}, {"model": "auth.user", "pk": 25, "fields": {"password": "pbkdf2_sha256$216000$e61EfSqFl2gY$5zVSWPq8DcAQXARaEF587DwjzN1nZAnYtX87UbIgZo4=", "last_login": null, "is_superuser": false, "username": "teknath.jha@walchandsangli.ac.in", "first_name": "", "last_name": "", "email": "", "is_staff": false, "is_active": true, "date_joined": "2020-09-17T10:52:04Z", "groups": [2], "user_permissions": []}}, {"model": "auth.user", "pk": 26, "fields": {"password": "pbkdf2_sha256$216000$UjvDa1SJms8p$PcFDUBhPCx8lthLrSzp7wuTEsMqbv9O4FZ9eL0K+cHM=", "last_login": null, "is_superuser": false, "username": "muskan.attar@walchandsangli.ac.in", "first_name": "", "last_name": "", "email": "", "is_staff": false, "is_active": true, "date_joined": "2020-09-17T10:52:27Z", "groups": [2], "user_permissions": []}}, {"model": "auth.user", "pk": 27, "fields": {"password": "pbkdf2_sha256$216000$AOWb9HHw3Pat$ItHYpskK5ahiPFLs29qRBTSqVHi2XACXoPE3425zQo0=", "last_login": null, "is_superuser": false, "username": "kajal.pawar@walchandsangli.ac.in", "first_name": "", "last_name": "", "email": "", "is_staff": false, "is_active": true, "date_joined": "2020-09-17T10:54:00Z", "groups": [2], "user_permissions": []}}, {"model": "auth.user", "pk": 28, "fields": {"password": "pbkdf2_sha256$216000$uoHZtnHwHlKc$4qPCjiMVjkB649I6CpnbUxWgU0n0TJtXmJg9cspWtQQ=", "last_login": null, "is_superuser": false, "username": "akash.raut@walchandsangli.ac.in", "first_name": "", "last_name": "", "email": "", "is_staff": false, "is_active": true, "date_joined": "2020-09-17T10:54:27Z", "groups": [2], "user_permissions": []}}, {"model": "auth.user", "pk": 29, "fields": {"password": "pbkdf2_sha256$216000$Biy6zZIIsRSo$II3y9VO8M78YYg0x7AJ0ZdbJDMf+EX+hUght37RsH0A=", "last_login": null, "is_superuser": false, "username": "smital.patil@walchandsangli.ac.in", "first_name": "", "last_name": "", "email": "", "is_staff": false, "is_active": true, "date_joined": "2020-09-17T10:54:42Z", "groups": [2], "user_permissions": []}}, {"model": "auth.user", "pk": 30, "fields": {"password": "pbkdf2_sha256$216000$Ox5Y9kjjEerx$UAQaD6BaBzldTDDEJOYAjactizv9sxENv7dXKsI9WdQ=", "last_login": null, "is_superuser": false, "username": "shruti.desai@walchandsangli.ac.in", "first_name": "", "last_name": "", "email": "", "is_staff": false, "is_active": true, "date_joined": "2020-09-17T10:55:05Z", "groups": [2], "user_permissions": []}}, {"model": "auth.user", "pk": 31, "fields": {"password": "pbkdf2_sha256$216000$wEtu2HO7cGuG$XTPFItv/9fe9+ufv2v5lvnPdWEfw9XlKNPOgm988JzM=", "last_login": null, "is_superuser": false, "username": "kartik.hunda@walchandsangli.ac.in", "first_name": "", "last_name": "", "email": "", "is_staff": false, "is_active": true, "date_joined": "2020-09-17T10:55:20Z", "groups": [2], "user_permissions": []}}, {"model": "auth.user", "pk": 32, "fields": {"password": "pbkdf2_sha256$216000$WMhxo1AOy0DE$FW+z6H+OsEqUPGVPy187d8eVEwsuUdh6jL3u+xzn96Q=", "last_login": null, "is_superuser": false, "username": "kshitij.sabale@walchandsangli.ac.in", "first_name": "", "last_name": "", "email": "", "is_staff": false, "is_active": true, "date_joined": "2020-09-17T10:55:36Z", "groups": [2], "user_permissions": []}}, {"model": "auth.user", "pk": 33, "fields": {"password": "pbkdf2_sha256$216000$bsEQxKn3YlX6$xuhydiJceuA4+h0hvZuyqFx/bpMaDZ9rM4tdmCyDnkY=", "last_login": null, "is_superuser": false, "username": "anil.surve@walchandsangli.ac.in", "first_name": "", "last_name": "", "email": "", "is_staff": false, "is_active": true, "date_joined": "2020-09-17T11:03:49Z", "groups": [1], "user_permissions": []}}, {"model": "auth.user", "pk": 34, "fields": {"password": "pbkdf2_sha256$216000$GM3hmY9YRYys$DgxvYIs7OxgMxr3i+gO9X3kZgWMGcC/6BGDpDjaLqzI=", "last_login": null, "is_superuser": false, "username": "renuka.khot@walchandsangli.ac.in", "first_name": "", "last_name": "", "email": "", "is_staff": false, "is_active": true, "date_joined": "2020-09-17T11:04:02Z", "groups": [1], "user_permissions": []}}, {"model": "auth.user", "pk": 35, "fields": {"password": "pbkdf2_sha256$216000$lUQLJadsZ4he$PnXFmIE+CbYbmVPtE717i2xHXlebcuanjpONCPdQF3E=", "last_login": null, "is_superuser": false, "username": "aprupa.pawar@walchandsangli.ac.in", "first_name": "", "last_name": "", "email": "", "is_staff": false, "is_active": true, "date_joined": "2020-09-17T11:04:28Z", "groups": [1], "user_permissions": []}}, {"model": "auth.user", "pk": 36, "fields": {"password": "pbkdf2_sha256$216000$qEzOkfQUyj2Y$kLzCyCvNYynJiWO4bLpInYCgCvuFCBP8nQ8FtrJZ2s8=", "last_login": null, "is_superuser": false, "username": "pooja.mundada@walchandsangli.ac.in", "first_name": "", "last_name": "", "email": "", "is_staff": false, "is_active": true, "date_joined": "2020-09-17T11:04:40Z", "groups": [1], "user_permissions": []}}, {"model": "auth.user", "pk": 37, "fields": {"password": "pbkdf2_sha256$216000$tCVJsB3ebs26$herpRRdnOsIfHDGpGeDXf1Y62MaLtR0G1wvkLmT6ryg=", "last_login": null, "is_superuser": false, "username": "swapnil.mahadeshwar@walchandsangli.ac.in", "first_name": "", "last_name": "", "email": "", "is_staff": false, "is_active": true, "date_joined": "2020-09-17T11:05:12Z", "groups": [1], "user_permissions": []}}, {"model": "auth.user", "pk": 38, "fields": {"password": "pbkdf2_sha256$216000$1vTZsbNdZEHJ$L+SWHzWaq4zQEdrIj//ISGDsRD/+ekpURBUEl06g28w=", "last_login": null, "is_superuser": false, "username": "nitin.gavankar@walchandsangli.ac.in", "first_name": "", "last_name": "", "email": "", "is_staff": false, "is_active": true, "date_joined": "2020-09-17T11:05:29Z", "groups": [1], "user_permissions": []}}, {"model": "contenttypes.contenttype", "pk": 1, "fields": {"app_label": "scorer", "model": "teacher"}}, {"model": "contenttypes.contenttype", "pk": 2, "fields": {"app_label": "scorer", "model": "student"}}, {"model": "contenttypes.contenttype", "pk": 3, "fields": {"app_label": "admin", "model": "logentry"}}, {"model": "contenttypes.contenttype", "pk": 4, "fields": {"app_label": "auth", "model": "permission"}}, {"model": "contenttypes.contenttype", "pk": 5, "fields": {"app_label": "auth", "model": "group"}}, {"model": "contenttypes.contenttype", "pk": 6, "fields": {"app_label": "auth", "model": "user"}}, {"model": "contenttypes.contenttype", "pk": 7, "fields": {"app_label": "contenttypes", "model": "contenttype"}}, {"model": "contenttypes.contenttype", "pk": 8, "fields": {"app_label": "sessions", "model": "session"}}, {"model": "sessions.session", "pk": "eszs1v7q4vzi8tb5pdosvwsh5shtlogx", "fields": {"session_data": ".eJxVjEEOwiAQRe_C2hAGaAGX7nsGMsOgVA1NSrsy3l1JutDte-__l4i4byXuLa9xZnEWIE6_jDA9cu2C71hvi0xL3daZZE_kYZucFs7Py9H-HRRs5bseiYxDHINzCrVVxmKw2gGHFOzV05DQKOhYkQUCNh4weJUGp5GzF-8PxWA3Jw:1kIlmF:Etqi_nqxLeej-2d1oZYlCVcAo_NTb8k0hthKdvcVZpU", "expire_date": "2020-10-01T04:44:11.313Z"}}, {"model": "sessions.session", "pk": "vkxbqrv731ql0m0bir89p67qrvfowcxe", "fields": {"session_data": ".eJxVjEEOwiAQRe_C2hAGaAGX7nsGMsOgVA1NSrsy3l1JutDte-__l4i4byXuLa9xZnEWIE6_jDA9cu2C71hvi0xL3daZZE_kYZucFs7Py9H-HRRs5bseiYxDHINzCrVVxmKw2gGHFOzV05DQKOhYkQUCNh4weJUGp5GzF-8PxWA3Jw:1kJ91T:YjXTrukW3kSbRyAnNyAoJoMql-ImYxbR5eF45KQn-Fw", "expire_date": "2020-10-02T05:33:27.748Z"}}]